1,2,3,4,5,6,7,8,9,10,11,12,13,14,15,16,17,18,19,20,21,22,23,24,25,26,27,28,29,30,31,32,33,34,35,36,37,38,39,40,41,42,43,44,45,46,47,48,49,50,51,52,53,54,55,56,57,58,59,60,61,62,63,64,65,66,67,68,69,70,71,72,73,74,75,76,77,78,79,80,81,82,83,84,85,86,87,88,89,90,91,92,93,94,95,96,97,98,99,100
#82635C ,#597568,#56737C,#8B6685,#557849,#9C5F75,#A06074,#7779A3,#9C7095,#70833B,#AD7AAE,#908B36,#7D444B,#405863,#415F49,#A19A68,#B0959A,#B0959A,#B0959A,#B0959A,#B0959A,#B0959A,#B0959A,#B0959A,#B0959A,#B0959A,#B0959A,#B0959A,#B0959A,#B0959A,#B0959A,#B0959A,#B0959A,#B0959A,#B0959A,#B0959A,#B0959A,#B0959A,#B0959A,#B0959A,#B0959A,#B0959A,#B0959A,#B0959A,#B0959A,#B0959A,#B0959A,#B0959A,#B0959A,#B0959A,#B0959A,#B0959A,#B0959A,#B0959A,#B0959A,#B0959A,#B0959A,#B0959A,#B0959A,#B0959A,#B0959A,#B0959A,#B0959A,#B0959A,#B0959A,#B0959A,#B0959A,#B0959A,#B0959A,#B0959A,#B0959A,#B0959A,#B0959A,#B0959A,#B0959A,#B0959A,#B0959A,#B0959A,#B0959A,#B0959A,#B0959A,#B0959A,#B0959A,#B0959A,#B0959A,#B0959A,#B0959A,#B0959A,#B0959A,#B0959A,#B0959A,#B0959A,#B0959A,#B0959A,#B0959A,#B0959A,#B0959A,#B0959A,#B0959A,#B0959A
,#976253 ,#737339,#68753C,#8B6584,#678644,#518550,#A07434,#618B4A,#8D7199,#589A5A,#A37DAB,#6A9141,#BE7533,#AE81B9,#A890CC,#98C137,#98C137,#98C137,#98C137,#98C137,#98C137,#98C137,#98C137,#98C137,#98C137,#98C137,#98C137,#98C137,#98C137,#98C137,#98C137,#98C137,#98C137,#98C137,#98C137,#98C137,#98C137,#98C137,#98C137,#98C137,#98C137,#98C137,#98C137,#98C137,#98C137,#98C137,#98C137,#98C137,#98C137,#98C137,#98C137,#98C137,#98C137,#98C137,#98C137,#98C137,#98C137,#98C137,#98C137,#98C137,#98C137,#98C137,#98C137,#98C137,#98C137,#98C137,#98C137,#98C137,#98C137,#98C137,#98C137,#98C137,#98C137,#98C137,#98C137,#98C137,#98C137,#98C137,#98C137,#98C137,#98C137,#98C137,#98C137,#98C137,#98C137,#98C137,#98C137,#98C137,#98C137,#98C137,#98C137,#98C137,#98C137,#98C137,#98C137,#98C137,#98C137,#98C137,#98C137
,,#9E5E63 ,#9E5F48,#8C6835,#AB6C44,#554F39,#4B7F5C,#9F7536,#B3624F,#BA793E,#355E52,#528C9E,#569555,#CB8340,#C55B65,#D57B3C,#D57B3C,#D57B3C,#D57B3C,#D57B3C,#D57B3C,#D57B3C,#D57B3C,#D57B3C,#D57B3C,#D57B3C,#D57B3C,#D57B3C,#D57B3C,#D57B3C,#D57B3C,#D57B3C,#D57B3C,#D57B3C,#D57B3C,#D57B3C,#D57B3C,#D57B3C,#D57B3C,#D57B3C,#D57B3C,#D57B3C,#D57B3C,#D57B3C,#D57B3C,#D57B3C,#D57B3C,#D57B3C,#D57B3C,#D57B3C,#D57B3C,#D57B3C,#D57B3C,#D57B3C,#D57B3C,#D57B3C,#D57B3C,#D57B3C,#D57B3C,#D57B3C,#D57B3C,#D57B3C,#D57B3C,#D57B3C,#D57B3C,#D57B3C,#D57B3C,#D57B3C,#D57B3C,#D57B3C,#D57B3C,#D57B3C,#D57B3C,#D57B3C,#D57B3C,#D57B3C,#D57B3C,#D57B3C,#D57B3C,#D57B3C,#D57B3C,#D57B3C,#D57B3C,#D57B3C,#D57B3C,#D57B3C,#D57B3C,#D57B3C,#D57B3C,#D57B3C,#D57B3C,#D57B3C,#D57B3C,#D57B3C,#D57B3C,#D57B3C,#D57B3C,#D57B3C,#D57B3C
,,,#4C7473 ,#4F7480,#61718C,#6A7193,#BB645A,#C2666A,#475D5E,#565363,#D06B7C,#D26D54,#C46C96,#619EB2,#415E6B,#52BDA4,#52BDA4,#52BDA4,#52BDA4,#52BDA4,#52BDA4,#52BDA4,#52BDA4,#52BDA4,#52BDA4,#52BDA4,#52BDA4,#52BDA4,#52BDA4,#52BDA4,#52BDA4,#52BDA4,#52BDA4,#52BDA4,#52BDA4,#52BDA4,#52BDA4,#52BDA4,#52BDA4,#52BDA4,#52BDA4,#52BDA4,#52BDA4,#52BDA4,#52BDA4,#52BDA4,#52BDA4,#52BDA4,#52BDA4,#52BDA4,#52BDA4,#52BDA4,#52BDA4,#52BDA4,#52BDA4,#52BDA4,#52BDA4,#52BDA4,#52BDA4,#52BDA4,#52BDA4,#52BDA4,#52BDA4,#52BDA4,#52BDA4,#52BDA4,#52BDA4,#52BDA4,#52BDA4,#52BDA4,#52BDA4,#52BDA4,#52BDA4,#52BDA4,#52BDA4,#52BDA4,#52BDA4,#52BDA4,#52BDA4,#52BDA4,#52BDA4,#52BDA4,#52BDA4,#52BDA4,#52BDA4,#52BDA4,#52BDA4,#52BDA4,#52BDA4,#52BDA4,#52BDA4,#52BDA4,#52BDA4,#52BDA4,#52BDA4,#52BDA4,#52BDA4,#52BDA4,#52BDA4
,,,,#A55B5B ,#457768,#AB6247,#664F37,#5C849F,#488664,#5A9087,#C47846,#465A3E,#794638,#61A455,#5FAE62,#CD88D4,#CD88D4,#CD88D4,#CD88D4,#CD88D4,#CD88D4,#CD88D4,#CD88D4,#CD88D4,#CD88D4,#CD88D4,#CD88D4,#CD88D4,#CD88D4,#CD88D4,#CD88D4,#CD88D4,#CD88D4,#CD88D4,#CD88D4,#CD88D4,#CD88D4,#CD88D4,#CD88D4,#CD88D4,#CD88D4,#CD88D4,#CD88D4,#CD88D4,#CD88D4,#CD88D4,#CD88D4,#CD88D4,#CD88D4,#CD88D4,#CD88D4,#CD88D4,#CD88D4,#CD88D4,#CD88D4,#CD88D4,#CD88D4,#CD88D4,#CD88D4,#CD88D4,#CD88D4,#CD88D4,#CD88D4,#CD88D4,#CD88D4,#CD88D4,#CD88D4,#CD88D4,#CD88D4,#CD88D4,#CD88D4,#CD88D4,#CD88D4,#CD88D4,#CD88D4,#CD88D4,#CD88D4,#CD88D4,#CD88D4,#CD88D4,#CD88D4,#CD88D4,#CD88D4,#CD88D4,#CD88D4,#CD88D4,#CD88D4,#CD88D4,#CD88D4,#CD88D4,#CD88D4,#CD88D4,#CD88D4,#CD88D4,#CD88D4,#CD88D4,#CD88D4,#CD88D4,#CD88D4
,,,,,#5C5030 ,#867631,#925D73,#497E6F,#61532F,#764F38,#569959,#A18336,#8C8B2C,#704A58,#C69133,#E3666A,#E3666A,#E3666A,#E3666A,#E3666A,#E3666A,#E3666A,#E3666A,#E3666A,#E3666A,#E3666A,#E3666A,#E3666A,#E3666A,#E3666A,#E3666A,#E3666A,#E3666A,#E3666A,#E3666A,#E3666A,#E3666A,#E3666A,#E3666A,#E3666A,#E3666A,#E3666A,#E3666A,#E3666A,#E3666A,#E3666A,#E3666A,#E3666A,#E3666A,#E3666A,#E3666A,#E3666A,#E3666A,#E3666A,#E3666A,#E3666A,#E3666A,#E3666A,#E3666A,#E3666A,#E3666A,#E3666A,#E3666A,#E3666A,#E3666A,#E3666A,#E3666A,#E3666A,#E3666A,#E3666A,#E3666A,#E3666A,#E3666A,#E3666A,#E3666A,#E3666A,#E3666A,#E3666A,#E3666A,#E3666A,#E3666A,#E3666A,#E3666A,#E3666A,#E3666A,#E3666A,#E3666A,#E3666A,#E3666A,#E3666A,#E3666A,#E3666A,#E3666A,#E3666A,#E3666A,#E3666A,#E3666A,#E3666A,#E3666A
,,,,,,#4F7B77 ,#4D7078,#55505E,#BC6780,#465F3D,#5E8EAD,#8C84B7,#4A542D,#D16E68,#734B31,#7E98D4,#7E98D4,#7E98D4,#7E98D4,#7E98D4,#7E98D4,#7E98D4,#7E98D4,#7E98D4,#7E98D4,#7E98D4,#7E98D4,#7E98D4,#7E98D4,#7E98D4,#7E98D4,#7E98D4,#7E98D4,#7E98D4,#7E98D4,#7E98D4,#7E98D4,#7E98D4,#7E98D4,#7E98D4,#7E98D4,#7E98D4,#7E98D4,#7E98D4,#7E98D4,#7E98D4,#7E98D4,#7E98D4,#7E98D4,#7E98D4,#7E98D4,#7E98D4,#7E98D4,#7E98D4,#7E98D4,#7E98D4,#7E98D4,#7E98D4,#7E98D4,#7E98D4,#7E98D4,#7E98D4,#7E98D4,#7E98D4,#7E98D4,#7E98D4,#7E98D4,#7E98D4,#7E98D4,#7E98D4,#7E98D4,#7E98D4,#7E98D4,#7E98D4,#7E98D4,#7E98D4,#7E98D4,#7E98D4,#7E98D4,#7E98D4,#7E98D4,#7E98D4,#7E98D4,#7E98D4,#7E98D4,#7E98D4,#7E98D4,#7E98D4,#7E98D4,#7E98D4,#7E98D4,#7E98D4,#7E98D4,#7E98D4,#7E98D4,#7E98D4,#7E98D4,#7E98D4,#7E98D4
,,,,,,,#697C36 ,#525832,#A47535,#6E8AB0,#515266,#C96D92,#D26763,#A59B3B,#61A3CA,#B99B67,#B99B67,#B99B67,#B99B67,#B99B67,#B99B67,#B99B67,#B99B67,#B99B67,#B99B67,#B99B67,#B99B67,#B99B67,#B99B67,#B99B67,#B99B67,#B99B67,#B99B67,#B99B67,#B99B67,#B99B67,#B99B67,#B99B67,#B99B67,#B99B67,#B99B67,#B99B67,#B99B67,#B99B67,#B99B67,#B99B67,#B99B67,#B99B67,#B99B67,#B99B67,#B99B67,#B99B67,#B99B67,#B99B67,#B99B67,#B99B67,#B99B67,#B99B67,#B99B67,#B99B67,#B99B67,#B99B67,#B99B67,#B99B67,#B99B67,#B99B67,#B99B67,#B99B67,#B99B67,#B99B67,#B99B67,#B99B67,#B99B67,#B99B67,#B99B67,#B99B67,#B99B67,#B99B67,#B99B67,#B99B67,#B99B67,#B99B67,#B99B67,#B99B67,#B99B67,#B99B67,#B99B67,#B99B67,#B99B67,#B99B67,#B99B67,#B99B67,#B99B67,#B99B67,#B99B67,#B99B67,#B99B67,#B99B67,#B99B67
,,,,,,,,#804F43 ,#744C54,#8C8738,#785533,#504E64,#917EB4,#7F5637,#57A78F,#58BD67,#58BD67,#58BD67,#58BD67,#58BD67,#58BD67,#58BD67,#58BD67,#58BD67,#58BD67,#58BD67,#58BD67,#58BD67,#58BD67,#58BD67,#58BD67,#58BD67,#58BD67,#58BD67,#58BD67,#58BD67,#58BD67,#58BD67,#58BD67,#58BD67,#58BD67,#58BD67,#58BD67,#58BD67,#58BD67,#58BD67,#58BD67,#58BD67,#58BD67,#58BD67,#58BD67,#58BD67,#58BD67,#58BD67,#58BD67,#58BD67,#58BD67,#58BD67,#58BD67,#58BD67,#58BD67,#58BD67,#58BD67,#58BD67,#58BD67,#58BD67,#58BD67,#58BD67,#58BD67,#58BD67,#58BD67,#58BD67,#58BD67,#58BD67,#58BD67,#58BD67,#58BD67,#58BD67,#58BD67,#58BD67,#58BD67,#58BD67,#58BD67,#58BD67,#58BD67,#58BD67,#58BD67,#58BD67,#58BD67,#58BD67,#58BD67,#58BD67,#58BD67,#58BD67,#58BD67,#58BD67,#58BD67,#58BD67,#58BD67
,,,,,,,,,#59859F ,#D46C63,#8A585E,#579473,#A08187,#5BA184,#95A736,#CEA434,#CEA434,#CEA434,#CEA434,#CEA434,#CEA434,#CEA434,#CEA434,#CEA434,#CEA434,#CEA434,#CEA434,#CEA434,#CEA434,#CEA434,#CEA434,#CEA434,#CEA434,#CEA434,#CEA434,#CEA434,#CEA434,#CEA434,#CEA434,#CEA434,#CEA434,#CEA434,#CEA434,#CEA434,#CEA434,#CEA434,#CEA434,#CEA434,#CEA434,#CEA434,#CEA434,#CEA434,#CEA434,#CEA434,#CEA434,#CEA434,#CEA434,#CEA434,#CEA434,#CEA434,#CEA434,#CEA434,#CEA434,#CEA434,#CEA434,#CEA434,#CEA434,#CEA434,#CEA434,#CEA434,#CEA434,#CEA434,#CEA434,#CEA434,#CEA434,#CEA434,#CEA434,#CEA434,#CEA434,#CEA434,#CEA434,#CEA434,#CEA434,#CEA434,#CEA434,#CEA434,#CEA434,#CEA434,#CEA434,#CEA434,#CEA434,#CEA434,#CEA434,#CEA434,#CEA434,#CEA434,#CEA434,#CEA434,#CEA434
,,,,,,,,,,#B0697C ,#4B5E30,#744F27,#578FB3,#95908C,#DB7CAF,#D6719C,#D6719C,#D6719C,#D6719C,#D6719C,#D6719C,#D6719C,#D6719C,#D6719C,#D6719C,#D6719C,#D6719C,#D6719C,#D6719C,#D6719C,#D6719C,#D6719C,#D6719C,#D6719C,#D6719C,#D6719C,#D6719C,#D6719C,#D6719C,#D6719C,#D6719C,#D6719C,#D6719C,#D6719C,#D6719C,#D6719C,#D6719C,#D6719C,#D6719C,#D6719C,#D6719C,#D6719C,#D6719C,#D6719C,#D6719C,#D6719C,#D6719C,#D6719C,#D6719C,#D6719C,#D6719C,#D6719C,#D6719C,#D6719C,#D6719C,#D6719C,#D6719C,#D6719C,#D6719C,#D6719C,#D6719C,#D6719C,#D6719C,#D6719C,#D6719C,#D6719C,#D6719C,#D6719C,#D6719C,#D6719C,#D6719C,#D6719C,#D6719C,#D6719C,#D6719C,#D6719C,#D6719C,#D6719C,#D6719C,#D6719C,#D6719C,#D6719C,#D6719C,#D6719C,#D6719C,#D6719C,#D6719C,#D6719C,#D6719C
,,,,,,,,,,,#6D9682 ,#AE7D68,#598D7E,#606729,#465F32,#6FABBF,#6FABBF,#6FABBF,#6FABBF,#6FABBF,#6FABBF,#6FABBF,#6FABBF,#6FABBF,#6FABBF,#6FABBF,#6FABBF,#6FABBF,#6FABBF,#6FABBF,#6FABBF,#6FABBF,#6FABBF,#6FABBF,#6FABBF,#6FABBF,#6FABBF,#6FABBF,#6FABBF,#6FABBF,#6FABBF,#6FABBF,#6FABBF,#6FABBF,#6FABBF,#6FABBF,#6FABBF,#6FABBF,#6FABBF,#6FABBF,#6FABBF,#6FABBF,#6FABBF,#6FABBF,#6FABBF,#6FABBF,#6FABBF,#6FABBF,#6FABBF,#6FABBF,#6FABBF,#6FABBF,#6FABBF,#6FABBF,#6FABBF,#6FABBF,#6FABBF,#6FABBF,#6FABBF,#6FABBF,#6FABBF,#6FABBF,#6FABBF,#6FABBF,#6FABBF,#6FABBF,#6FABBF,#6FABBF,#6FABBF,#6FABBF,#6FABBF,#6FABBF,#6FABBF,#6FABBF,#6FABBF,#6FABBF,#6FABBF,#6FABBF,#6FABBF,#6FABBF,#6FABBF,#6FABBF,#6FABBF,#6FABBF,#6FABBF,#6FABBF,#6FABBF,#6FABBF,#6FABBF
,,,,,,,,,,,,#987F8B ,#A08054,#486078,#75506C,#8EA24E,#8EA24E,#8EA24E,#8EA24E,#8EA24E,#8EA24E,#8EA24E,#8EA24E,#8EA24E,#8EA24E,#8EA24E,#8EA24E,#8EA24E,#8EA24E,#8EA24E,#8EA24E,#8EA24E,#8EA24E,#8EA24E,#8EA24E,#8EA24E,#8EA24E,#8EA24E,#8EA24E,#8EA24E,#8EA24E,#8EA24E,#8EA24E,#8EA24E,#8EA24E,#8EA24E,#8EA24E,#8EA24E,#8EA24E,#8EA24E,#8EA24E,#8EA24E,#8EA24E,#8EA24E,#8EA24E,#8EA24E,#8EA24E,#8EA24E,#8EA24E,#8EA24E,#8EA24E,#8EA24E,#8EA24E,#8EA24E,#8EA24E,#8EA24E,#8EA24E,#8EA24E,#8EA24E,#8EA24E,#8EA24E,#8EA24E,#8EA24E,#8EA24E,#8EA24E,#8EA24E,#8EA24E,#8EA24E,#8EA24E,#8EA24E,#8EA24E,#8EA24E,#8EA24E,#8EA24E,#8EA24E,#8EA24E,#8EA24E,#8EA24E,#8EA24E,#8EA24E,#8EA24E,#8EA24E,#8EA24E,#8EA24E,#8EA24E,#8EA24E,#8EA24E,#8EA24E,#8EA24E
,,,,,,,,,,,,,#6C4861 ,#7897D0,#C9908C,#CC8574,#CC8574,#CC8574,#CC8574,#CC8574,#CC8574,#CC8574,#CC8574,#CC8574,#CC8574,#CC8574,#CC8574,#CC8574,#CC8574,#CC8574,#CC8574,#CC8574,#CC8574,#CC8574,#CC8574,#CC8574,#CC8574,#CC8574,#CC8574,#CC8574,#CC8574,#CC8574,#CC8574,#CC8574,#CC8574,#CC8574,#CC8574,#CC8574,#CC8574,#CC8574,#CC8574,#CC8574,#CC8574,#CC8574,#CC8574,#CC8574,#CC8574,#CC8574,#CC8574,#CC8574,#CC8574,#CC8574,#CC8574,#CC8574,#CC8574,#CC8574,#CC8574,#CC8574,#CC8574,#CC8574,#CC8574,#CC8574,#CC8574,#CC8574,#CC8574,#CC8574,#CC8574,#CC8574,#CC8574,#CC8574,#CC8574,#CC8574,#CC8574,#CC8574,#CC8574,#CC8574,#CC8574,#CC8574,#CC8574,#CC8574,#CC8574,#CC8574,#CC8574,#CC8574,#CC8574,#CC8574,#CC8574,#CC8574,#CC8574
,,,,,,,,,,,,,,#CB7599 ,#D17749,#85A484,#85A484,#85A484,#85A484,#85A484,#85A484,#85A484,#85A484,#85A484,#85A484,#85A484,#85A484,#85A484,#85A484,#85A484,#85A484,#85A484,#85A484,#85A484,#85A484,#85A484,#85A484,#85A484,#85A484,#85A484,#85A484,#85A484,#85A484,#85A484,#85A484,#85A484,#85A484,#85A484,#85A484,#85A484,#85A484,#85A484,#85A484,#85A484,#85A484,#85A484,#85A484,#85A484,#85A484,#85A484,#85A484,#85A484,#85A484,#85A484,#85A484,#85A484,#85A484,#85A484,#85A484,#85A484,#85A484,#85A484,#85A484,#85A484,#85A484,#85A484,#85A484,#85A484,#85A484,#85A484,#85A484,#85A484,#85A484,#85A484,#85A484,#85A484,#85A484,#85A484,#85A484,#85A484,#85A484,#85A484,#85A484,#85A484,#85A484,#85A484,#85A484,#85A484,#85A484
,,,,,,,,,,,,,,,#949EA4 ,#BF97BE ,#BF97BE ,#BF97BE ,#BF97BE ,#BF97BE ,#BF97BE ,#BF97BE ,#BF97BE ,#BF97BE ,#BF97BE ,#BF97BE ,#BF97BE ,#BF97BE ,#BF97BE ,#BF97BE ,#BF97BE ,#BF97BE ,#BF97BE ,#BF97BE ,#BF97BE ,#BF97BE ,#BF97BE ,#BF97BE ,#BF97BE ,#BF97BE ,#BF97BE ,#BF97BE ,#BF97BE ,#BF97BE ,#BF97BE ,#BF97BE ,#BF97BE ,#BF97BE ,#BF97BE ,#BF97BE ,#BF97BE ,#BF97BE ,#BF97BE ,#BF97BE ,#BF97BE ,#BF97BE ,#BF97BE ,#BF97BE ,#BF97BE ,#BF97BE ,#BF97BE ,#BF97BE ,#BF97BE ,#BF97BE ,#BF97BE ,#BF97BE ,#BF97BE ,#BF97BE ,#BF97BE ,#BF97BE ,#BF97BE ,#BF97BE ,#BF97BE ,#BF97BE ,#BF97BE ,#BF97BE ,#BF97BE ,#BF97BE ,#BF97BE ,#BF97BE ,#BF97BE ,#BF97BE ,#BF97BE ,#BF97BE ,#BF97BE ,#BF97BE ,#BF97BE ,#BF97BE ,#BF97BE ,#BF97BE ,#BF97BE ,#BF97BE ,#BF97BE ,#BF97BE ,#BF97BE ,#BF97BE ,#BF97BE ,#BF97BE ,#BF97BE 
,,,,,,,,,,,,,,,,#4E3532 ,#4D3745,#423B4D,#29404C,#30321D,#553819,#28433F,#523A19,#6B2E31,#42211A,#66374F,#362837,#713753,#334632,#613C5E,#4D491A,#053642,#053642,#053642,#053642,#053642,#053642,#053642,#053642,#053642,#053642,#053642,#053642,#053642,#053642,#053642,#053642,#053642,#053642,#053642,#053642,#053642,#053642,#053642,#053642,#053642,#053642,#053642,#053642,#053642,#053642,#053642,#053642,#053642,#053642,#053642,#053642,#053642,#053642,#053642,#053642,#053642,#053642,#053642,#053642,#053642,#053642,#053642,#053642,#053642,#053642,#053642,#053642,#053642,#053642,#053642,#053642,#053642,#053642,#053642,#053642,#053642,#053642,#053642,#053642,#053642,#053642,#053642,#053642
,,,,,,,,,,,,,,,,,#444020 ,#2F4625,#603225,#593243,#34445A,#673620,#574163,#34491D,#414867,#3B4E17,#2A5120,#3A4C16,#773137,#30541F,#584569,#763B0A,#763B0A,#763B0A,#763B0A,#763B0A,#763B0A,#763B0A,#763B0A,#763B0A,#763B0A,#763B0A,#763B0A,#763B0A,#763B0A,#763B0A,#763B0A,#763B0A,#763B0A,#763B0A,#763B0A,#763B0A,#763B0A,#763B0A,#763B0A,#763B0A,#763B0A,#763B0A,#763B0A,#763B0A,#763B0A,#763B0A,#763B0A,#763B0A,#763B0A,#763B0A,#763B0A,#763B0A,#763B0A,#763B0A,#763B0A,#763B0A,#763B0A,#763B0A,#763B0A,#763B0A,#763B0A,#763B0A,#763B0A,#763B0A,#763B0A,#763B0A,#763B0A,#763B0A,#763B0A,#763B0A,#763B0A,#763B0A,#763B0A,#763B0A,#763B0A,#763B0A,#763B0A,#763B0A,#763B0A,#763B0A,#763B0A,#763B0A,#763B0A
,,,,,,,,,,,,,,,,,,#5C3423 ,#374220,#65391E,#364B1D,#6A374A,#2A4D43,#2E4961,#375022,#2F4A4F,#6C391E,#73371C,#5F430B,#833722,#703235,#91315A,#91315A,#91315A,#91315A,#91315A,#91315A,#91315A,#91315A,#91315A,#91315A,#91315A,#91315A,#91315A,#91315A,#91315A,#91315A,#91315A,#91315A,#91315A,#91315A,#91315A,#91315A,#91315A,#91315A,#91315A,#91315A,#91315A,#91315A,#91315A,#91315A,#91315A,#91315A,#91315A,#91315A,#91315A,#91315A,#91315A,#91315A,#91315A,#91315A,#91315A,#91315A,#91315A,#91315A,#91315A,#91315A,#91315A,#91315A,#91315A,#91315A,#91315A,#91315A,#91315A,#91315A,#91315A,#91315A,#91315A,#91315A,#91315A,#91315A,#91315A,#91315A,#91315A,#91315A,#91315A,#91315A,#91315A,#91315A
,,,,,,,,,,,,,,,,,,,#56354F ,#2D414F,#233B31,#2A4E22,#384F1F,#664019,#713A57,#603E1A,#222913,#304A48,#573D5F,#1F2C2C,#182726,#405A14,#405A14,#405A14,#405A14,#405A14,#405A14,#405A14,#405A14,#405A14,#405A14,#405A14,#405A14,#405A14,#405A14,#405A14,#405A14,#405A14,#405A14,#405A14,#405A14,#405A14,#405A14,#405A14,#405A14,#405A14,#405A14,#405A14,#405A14,#405A14,#405A14,#405A14,#405A14,#405A14,#405A14,#405A14,#405A14,#405A14,#405A14,#405A14,#405A14,#405A14,#405A14,#405A14,#405A14,#405A14,#405A14,#405A14,#405A14,#405A14,#405A14,#405A14,#405A14,#405A14,#405A14,#405A14,#405A14,#405A14,#405A14,#405A14,#405A14,#405A14,#405A14,#405A14,#405A14,#405A14,#405A14,#405A14,#405A14
,,,,,,,,,,,,,,,,,,,,#364F23 ,#57324A,#3D435F,#562D38,#2C4C42,#634017,#2E2B15,#71374F,#332B16,#3C1E21,#3F241B,#6F3B18,#2E130C,#2E130C,#2E130C,#2E130C,#2E130C,#2E130C,#2E130C,#2E130C,#2E130C,#2E130C,#2E130C,#2E130C,#2E130C,#2E130C,#2E130C,#2E130C,#2E130C,#2E130C,#2E130C,#2E130C,#2E130C,#2E130C,#2E130C,#2E130C,#2E130C,#2E130C,#2E130C,#2E130C,#2E130C,#2E130C,#2E130C,#2E130C,#2E130C,#2E130C,#2E130C,#2E130C,#2E130C,#2E130C,#2E130C,#2E130C,#2E130C,#2E130C,#2E130C,#2E130C,#2E130C,#2E130C,#2E130C,#2E130C,#2E130C,#2E130C,#2E130C,#2E130C,#2E130C,#2E130C,#2E130C,#2E130C,#2E130C,#2E130C,#2E130C,#2E130C,#2E130C,#2E130C,#2E130C,#2E130C,#2E130C,#2E130C,#2E130C,#2E130C
,,,,,,,,,,,,,,,,,,,,,#622E2F ,#372228,#713326,#222930,#7A2F34,#693030,#284347,#481A1F,#25313A,#4C4319,#5B4547,#075A42,#075A42,#075A42,#075A42,#075A42,#075A42,#075A42,#075A42,#075A42,#075A42,#075A42,#075A42,#075A42,#075A42,#075A42,#075A42,#075A42,#075A42,#075A42,#075A42,#075A42,#075A42,#075A42,#075A42,#075A42,#075A42,#075A42,#075A42,#075A42,#075A42,#075A42,#075A42,#075A42,#075A42,#075A42,#075A42,#075A42,#075A42,#075A42,#075A42,#075A42,#075A42,#075A42,#075A42,#075A42,#075A42,#075A42,#075A42,#075A42,#075A42,#075A42,#075A42,#075A42,#075A42,#075A42,#075A42,#075A42,#075A42,#075A42,#075A42,#075A42,#075A42,#075A42,#075A42,#075A42,#075A42,#075A42,#075A42
,,,,,,,,,,,,,,,,,,,,,,#403C18 ,#293947,#3C2C19,#273C42,#322536,#4B4A0C,#324A68,#73371C,#394669,#274D3E,#482945,#482945,#482945,#482945,#482945,#482945,#482945,#482945,#482945,#482945,#482945,#482945,#482945,#482945,#482945,#482945,#482945,#482945,#482945,#482945,#482945,#482945,#482945,#482945,#482945,#482945,#482945,#482945,#482945,#482945,#482945,#482945,#482945,#482945,#482945,#482945,#482945,#482945,#482945,#482945,#482945,#482945,#482945,#482945,#482945,#482945,#482945,#482945,#482945,#482945,#482945,#482945,#482945,#482945,#482945,#482945,#482945,#482945,#482945,#482945,#482945,#482945,#482945,#482945,#482945,#482945,#482945,#482945
,,,,,,,,,,,,,,,,,,,,,,,#252E17 ,#533E5F,#3F2639,#2C4B31,#404766,#5C4115,#424913,#793139,#3B1B23,#08210C,#08210C,#08210C,#08210C,#08210C,#08210C,#08210C,#08210C,#08210C,#08210C,#08210C,#08210C,#08210C,#08210C,#08210C,#08210C,#08210C,#08210C,#08210C,#08210C,#08210C,#08210C,#08210C,#08210C,#08210C,#08210C,#08210C,#08210C,#08210C,#08210C,#08210C,#08210C,#08210C,#08210C,#08210C,#08210C,#08210C,#08210C,#08210C,#08210C,#08210C,#08210C,#08210C,#08210C,#08210C,#08210C,#08210C,#08210C,#08210C,#08210C,#08210C,#08210C,#08210C,#08210C,#08210C,#08210C,#08210C,#08210C,#08210C,#08210C,#08210C,#08210C,#08210C,#08210C,#08210C,#08210C,#08210C,#08210C
,,,,,,,,,,,,,,,,,,,,,,,,#5C3445 ,#2E361F,#284968,#482220,#294A2E,#2F4B64,#1E2E0F,#24263B,#804441,#804441,#804441,#804441,#804441,#804441,#804441,#804441,#804441,#804441,#804441,#804441,#804441,#804441,#804441,#804441,#804441,#804441,#804441,#804441,#804441,#804441,#804441,#804441,#804441,#804441,#804441,#804441,#804441,#804441,#804441,#804441,#804441,#804441,#804441,#804441,#804441,#804441,#804441,#804441,#804441,#804441,#804441,#804441,#804441,#804441,#804441,#804441,#804441,#804441,#804441,#804441,#804441,#804441,#804441,#804441,#804441,#804441,#804441,#804441,#804441,#804441,#804441,#804441,#804441,#804441,#804441,#804441
,,,,,,,,,,,,,,,,,,,,,,,,,#64403D ,#55456A,#2D4E39,#202A35,#513A1F,#322536,#2B4D1F,#514E37,#514E37,#514E37,#514E37,#514E37,#514E37,#514E37,#514E37,#514E37,#514E37,#514E37,#514E37,#514E37,#514E37,#514E37,#514E37,#514E37,#514E37,#514E37,#514E37,#514E37,#514E37,#514E37,#514E37,#514E37,#514E37,#514E37,#514E37,#514E37,#514E37,#514E37,#514E37,#514E37,#514E37,#514E37,#514E37,#514E37,#514E37,#514E37,#514E37,#514E37,#514E37,#514E37,#514E37,#514E37,#514E37,#514E37,#514E37,#514E37,#514E37,#514E37,#514E37,#514E37,#514E37,#514E37,#514E37,#514E37,#514E37,#514E37,#514E37,#514E37,#514E37,#514E37,#514E37,#514E37,#514E37,#514E37,#514E37
,,,,,,,,,,,,,,,,,,,,,,,,,,#2C282A ,#594233,#533E5A,#633A45,#2B4D41,#693550,#4C3905,#4C3905,#4C3905,#4C3905,#4C3905,#4C3905,#4C3905,#4C3905,#4C3905,#4C3905,#4C3905,#4C3905,#4C3905,#4C3905,#4C3905,#4C3905,#4C3905,#4C3905,#4C3905,#4C3905,#4C3905,#4C3905,#4C3905,#4C3905,#4C3905,#4C3905,#4C3905,#4C3905,#4C3905,#4C3905,#4C3905,#4C3905,#4C3905,#4C3905,#4C3905,#4C3905,#4C3905,#4C3905,#4C3905,#4C3905,#4C3905,#4C3905,#4C3905,#4C3905,#4C3905,#4C3905,#4C3905,#4C3905,#4C3905,#4C3905,#4C3905,#4C3905,#4C3905,#4C3905,#4C3905,#4C3905,#4C3905,#4C3905,#4C3905,#4C3905,#4C3905,#4C3905,#4C3905,#4C3905,#4C3905,#4C3905,#4C3905,#4C3905
,,,,,,,,,,,,,,,,,,,,,,,,,,,#46441F ,#713938,#212712,#663C19,#2E280F,#4F515A,#4F515A,#4F515A,#4F515A,#4F515A,#4F515A,#4F515A,#4F515A,#4F515A,#4F515A,#4F515A,#4F515A,#4F515A,#4F515A,#4F515A,#4F515A,#4F515A,#4F515A,#4F515A,#4F515A,#4F515A,#4F515A,#4F515A,#4F515A,#4F515A,#4F515A,#4F515A,#4F515A,#4F515A,#4F515A,#4F515A,#4F515A,#4F515A,#4F515A,#4F515A,#4F515A,#4F515A,#4F515A,#4F515A,#4F515A,#4F515A,#4F515A,#4F515A,#4F515A,#4F515A,#4F515A,#4F515A,#4F515A,#4F515A,#4F515A,#4F515A,#4F515A,#4F515A,#4F515A,#4F515A,#4F515A,#4F515A,#4F515A,#4F515A,#4F515A,#4F515A,#4F515A,#4F515A,#4F515A,#4F515A,#4F515A,#4F515A,#4F515A
,,,,,,,,,,,,,,,,,,,,,,,,,,,,#3B222B ,#2A4E23,#633944,#304A66,#5C2B18,#5C2B18,#5C2B18,#5C2B18,#5C2B18,#5C2B18,#5C2B18,#5C2B18,#5C2B18,#5C2B18,#5C2B18,#5C2B18,#5C2B18,#5C2B18,#5C2B18,#5C2B18,#5C2B18,#5C2B18,#5C2B18,#5C2B18,#5C2B18,#5C2B18,#5C2B18,#5C2B18,#5C2B18,#5C2B18,#5C2B18,#5C2B18,#5C2B18,#5C2B18,#5C2B18,#5C2B18,#5C2B18,#5C2B18,#5C2B18,#5C2B18,#5C2B18,#5C2B18,#5C2B18,#5C2B18,#5C2B18,#5C2B18,#5C2B18,#5C2B18,#5C2B18,#5C2B18,#5C2B18,#5C2B18,#5C2B18,#5C2B18,#5C2B18,#5C2B18,#5C2B18,#5C2B18,#5C2B18,#5C2B18,#5C2B18,#5C2B18,#5C2B18,#5C2B18,#5C2B18,#5C2B18,#5C2B18,#5C2B18,#5C2B18,#5C2B18,#5C2B18,#5C2B18
,,,,,,,,,,,,,,,,,,,,,,,,,,,,,#26544D ,#314B59,#284A51,#1D1727,#1D1727,#1D1727,#1D1727,#1D1727,#1D1727,#1D1727,#1D1727,#1D1727,#1D1727,#1D1727,#1D1727,#1D1727,#1D1727,#1D1727,#1D1727,#1D1727,#1D1727,#1D1727,#1D1727,#1D1727,#1D1727,#1D1727,#1D1727,#1D1727,#1D1727,#1D1727,#1D1727,#1D1727,#1D1727,#1D1727,#1D1727,#1D1727,#1D1727,#1D1727,#1D1727,#1D1727,#1D1727,#1D1727,#1D1727,#1D1727,#1D1727,#1D1727,#1D1727,#1D1727,#1D1727,#1D1727,#1D1727,#1D1727,#1D1727,#1D1727,#1D1727,#1D1727,#1D1727,#1D1727,#1D1727,#1D1727,#1D1727,#1D1727,#1D1727,#1D1727,#1D1727,#1D1727,#1D1727,#1D1727,#1D1727,#1D1727,#1D1727
,,,,,,,,,,,,,,,,,,,,,,,,,,,,,,#394C2D ,#573D25,#6F4870,#6F4870,#6F4870,#6F4870,#6F4870,#6F4870,#6F4870,#6F4870,#6F4870,#6F4870,#6F4870,#6F4870,#6F4870,#6F4870,#6F4870,#6F4870,#6F4870,#6F4870,#6F4870,#6F4870,#6F4870,#6F4870,#6F4870,#6F4870,#6F4870,#6F4870,#6F4870,#6F4870,#6F4870,#6F4870,#6F4870,#6F4870,#6F4870,#6F4870,#6F4870,#6F4870,#6F4870,#6F4870,#6F4870,#6F4870,#6F4870,#6F4870,#6F4870,#6F4870,#6F4870,#6F4870,#6F4870,#6F4870,#6F4870,#6F4870,#6F4870,#6F4870,#6F4870,#6F4870,#6F4870,#6F4870,#6F4870,#6F4870,#6F4870,#6F4870,#6F4870,#6F4870,#6F4870,#6F4870,#6F4870,#6F4870,#6F4870,#6F4870
,,,,,,,,,,,,,,,,,,,,,,,,,,,,,,,#3E3742 ,#14370A,#14370A,#14370A,#14370A,#14370A,#14370A,#14370A,#14370A,#14370A,#14370A,#14370A,#14370A,#14370A,#14370A,#14370A,#14370A,#14370A,#14370A,#14370A,#14370A,#14370A,#14370A,#14370A,#14370A,#14370A,#14370A,#14370A,#14370A,#14370A,#14370A,#14370A,#14370A,#14370A,#14370A,#14370A,#14370A,#14370A,#14370A,#14370A,#14370A,#14370A,#14370A,#14370A,#14370A,#14370A,#14370A,#14370A,#14370A,#14370A,#14370A,#14370A,#14370A,#14370A,#14370A,#14370A,#14370A,#14370A,#14370A,#14370A,#14370A,#14370A,#14370A,#14370A,#14370A,#14370A,#14370A,#14370A,#14370A
,,,,,,,,,,,,,,,,,,,,,,,,,,,,,,,,#5B3C41,#5B3C41,#5B3C41,#5B3C41,#5B3C41,#5B3C41,#5B3C41,#5B3C41,#5B3C41,#5B3C41,#5B3C41,#5B3C41,#5B3C41,#5B3C41,#5B3C41,#5B3C41,#5B3C41,#5B3C41,#5B3C41,#5B3C41,#5B3C41,#5B3C41,#5B3C41,#5B3C41,#5B3C41,#5B3C41,#5B3C41,#5B3C41,#5B3C41,#5B3C41,#5B3C41,#5B3C41,#5B3C41,#5B3C41,#5B3C41,#5B3C41,#5B3C41,#5B3C41,#5B3C41,#5B3C41,#5B3C41,#5B3C41,#5B3C41,#5B3C41,#5B3C41,#5B3C41,#5B3C41,#5B3C41,#5B3C41,#5B3C41,#5B3C41,#5B3C41,#5B3C41,#5B3C41,#5B3C41,#5B3C41,#5B3C41,#5B3C41,#5B3C41,#5B3C41,#5B3C41,#5B3C41,#5B3C41,#5B3C41,#5B3C41,#5B3C41,#5B3C41,#5B3C41
,,,,,,,,,,,,,,,,,,,,,,,,,,,,,,,,,#732237,#732237,#732237,#732237,#732237,#732237,#732237,#732237,#732237,#732237,#732237,#732237,#732237,#732237,#732237,#732237,#732237,#732237,#732237,#732237,#732237,#732237,#732237,#732237,#732237,#732237,#732237,#732237,#732237,#732237,#732237,#732237,#732237,#732237,#732237,#732237,#732237,#732237,#732237,#732237,#732237,#732237,#732237,#732237,#732237,#732237,#732237,#732237,#732237,#732237,#732237,#732237,#732237,#732237,#732237,#732237,#732237,#732237,#732237,#732237,#732237,#732237,#732237,#732237,#732237,#732237,#732237
,,,,,,,,,,,,,,,,,,,,,,,,,,,,,,,,,,#393C59,#393C59,#393C59,#393C59,#393C59,#393C59,#393C59,#393C59,#393C59,#393C59,#393C59,#393C59,#393C59,#393C59,#393C59,#393C59,#393C59,#393C59,#393C59,#393C59,#393C59,#393C59,#393C59,#393C59,#393C59,#393C59,#393C59,#393C59,#393C59,#393C59,#393C59,#393C59,#393C59,#393C59,#393C59,#393C59,#393C59,#393C59,#393C59,#393C59,#393C59,#393C59,#393C59,#393C59,#393C59,#393C59,#393C59,#393C59,#393C59,#393C59,#393C59,#393C59,#393C59,#393C59,#393C59,#393C59,#393C59,#393C59,#393C59,#393C59,#393C59,#393C59,#393C59,#393C59,#393C59,#393C59
,,,,,,,,,,,,,,,,,,,,,,,,,,,,,,,,,,,#1B1A13,#1B1A13,#1B1A13,#1B1A13,#1B1A13,#1B1A13,#1B1A13,#1B1A13,#1B1A13,#1B1A13,#1B1A13,#1B1A13,#1B1A13,#1B1A13,#1B1A13,#1B1A13,#1B1A13,#1B1A13,#1B1A13,#1B1A13,#1B1A13,#1B1A13,#1B1A13,#1B1A13,#1B1A13,#1B1A13,#1B1A13,#1B1A13,#1B1A13,#1B1A13,#1B1A13,#1B1A13,#1B1A13,#1B1A13,#1B1A13,#1B1A13,#1B1A13,#1B1A13,#1B1A13,#1B1A13,#1B1A13,#1B1A13,#1B1A13,#1B1A13,#1B1A13,#1B1A13,#1B1A13,#1B1A13,#1B1A13,#1B1A13,#1B1A13,#1B1A13,#1B1A13,#1B1A13,#1B1A13,#1B1A13,#1B1A13,#1B1A13,#1B1A13,#1B1A13,#1B1A13,#1B1A13,#1B1A13,#1B1A13,#1B1A13
,,,,,,,,,,,,,,,,,,,,,,,,,,,,,,,,,,,,#385731,#385731,#385731,#385731,#385731,#385731,#385731,#385731,#385731,#385731,#385731,#385731,#385731,#385731,#385731,#385731,#385731,#385731,#385731,#385731,#385731,#385731,#385731,#385731,#385731,#385731,#385731,#385731,#385731,#385731,#385731,#385731,#385731,#385731,#385731,#385731,#385731,#385731,#385731,#385731,#385731,#385731,#385731,#385731,#385731,#385731,#385731,#385731,#385731,#385731,#385731,#385731,#385731,#385731,#385731,#385731,#385731,#385731,#385731,#385731,#385731,#385731,#385731,#385731
,,,,,,,,,,,,,,,,,,,,,,,,,,,,,,,,,,,,,#2E2C0F,#2E2C0F,#2E2C0F,#2E2C0F,#2E2C0F,#2E2C0F,#2E2C0F,#2E2C0F,#2E2C0F,#2E2C0F,#2E2C0F,#2E2C0F,#2E2C0F,#2E2C0F,#2E2C0F,#2E2C0F,#2E2C0F,#2E2C0F,#2E2C0F,#2E2C0F,#2E2C0F,#2E2C0F,#2E2C0F,#2E2C0F,#2E2C0F,#2E2C0F,#2E2C0F,#2E2C0F,#2E2C0F,#2E2C0F,#2E2C0F,#2E2C0F,#2E2C0F,#2E2C0F,#2E2C0F,#2E2C0F,#2E2C0F,#2E2C0F,#2E2C0F,#2E2C0F,#2E2C0F,#2E2C0F,#2E2C0F,#2E2C0F,#2E2C0F,#2E2C0F,#2E2C0F,#2E2C0F,#2E2C0F,#2E2C0F,#2E2C0F,#2E2C0F,#2E2C0F,#2E2C0F,#2E2C0F,#2E2C0F,#2E2C0F,#2E2C0F,#2E2C0F,#2E2C0F,#2E2C0F,#2E2C0F,#2E2C0F
,,,,,,,,,,,,,,,,,,,,,,,,,,,,,,,,,,,,,,#26585C,#26585C,#26585C,#26585C,#26585C,#26585C,#26585C,#26585C,#26585C,#26585C,#26585C,#26585C,#26585C,#26585C,#26585C,#26585C,#26585C,#26585C,#26585C,#26585C,#26585C,#26585C,#26585C,#26585C,#26585C,#26585C,#26585C,#26585C,#26585C,#26585C,#26585C,#26585C,#26585C,#26585C,#26585C,#26585C,#26585C,#26585C,#26585C,#26585C,#26585C,#26585C,#26585C,#26585C,#26585C,#26585C,#26585C,#26585C,#26585C,#26585C,#26585C,#26585C,#26585C,#26585C,#26585C,#26585C,#26585C,#26585C,#26585C,#26585C,#26585C,#26585C
,,,,,,,,,,,,,,,,,,,,,,,,,,,,,,,,,,,,,,,#743C53,#743C53,#743C53,#743C53,#743C53,#743C53,#743C53,#743C53,#743C53,#743C53,#743C53,#743C53,#743C53,#743C53,#743C53,#743C53,#743C53,#743C53,#743C53,#743C53,#743C53,#743C53,#743C53,#743C53,#743C53,#743C53,#743C53,#743C53,#743C53,#743C53,#743C53,#743C53,#743C53,#743C53,#743C53,#743C53,#743C53,#743C53,#743C53,#743C53,#743C53,#743C53,#743C53,#743C53,#743C53,#743C53,#743C53,#743C53,#743C53,#743C53,#743C53,#743C53,#743C53,#743C53,#743C53,#743C53,#743C53,#743C53,#743C53,#743C53,#743C53
,,,,,,,,,,,,,,,,,,,,,,,,,,,,,,,,,,,,,,,,#144C66,#144C66,#144C66,#144C66,#144C66,#144C66,#144C66,#144C66,#144C66,#144C66,#144C66,#144C66,#144C66,#144C66,#144C66,#144C66,#144C66,#144C66,#144C66,#144C66,#144C66,#144C66,#144C66,#144C66,#144C66,#144C66,#144C66,#144C66,#144C66,#144C66,#144C66,#144C66,#144C66,#144C66,#144C66,#144C66,#144C66,#144C66,#144C66,#144C66,#144C66,#144C66,#144C66,#144C66,#144C66,#144C66,#144C66,#144C66,#144C66,#144C66,#144C66,#144C66,#144C66,#144C66,#144C66,#144C66,#144C66,#144C66,#144C66,#144C66
,,,,,,,,,,,,,,,,,,,,,,,,,,,,,,,,,,,,,,,,,#542127,#542127,#542127,#542127,#542127,#542127,#542127,#542127,#542127,#542127,#542127,#542127,#542127,#542127,#542127,#542127,#542127,#542127,#542127,#542127,#542127,#542127,#542127,#542127,#542127,#542127,#542127,#542127,#542127,#542127,#542127,#542127,#542127,#542127,#542127,#542127,#542127,#542127,#542127,#542127,#542127,#542127,#542127,#542127,#542127,#542127,#542127,#542127,#542127,#542127,#542127,#542127,#542127,#542127,#542127,#542127,#542127,#542127,#542127
,,,,,,,,,,,,,,,,,,,,,,,,,,,,,,,,,,,,,,,,,,#833A27,#833A27,#833A27,#833A27,#833A27,#833A27,#833A27,#833A27,#833A27,#833A27,#833A27,#833A27,#833A27,#833A27,#833A27,#833A27,#833A27,#833A27,#833A27,#833A27,#833A27,#833A27,#833A27,#833A27,#833A27,#833A27,#833A27,#833A27,#833A27,#833A27,#833A27,#833A27,#833A27,#833A27,#833A27,#833A27,#833A27,#833A27,#833A27,#833A27,#833A27,#833A27,#833A27,#833A27,#833A27,#833A27,#833A27,#833A27,#833A27,#833A27,#833A27,#833A27,#833A27,#833A27,#833A27,#833A27,#833A27,#833A27
,,,,,,,,,,,,,,,,,,,,,,,,,,,,,,,,,,,,,,,,,,,#0E3B21,#0E3B21,#0E3B21,#0E3B21,#0E3B21,#0E3B21,#0E3B21,#0E3B21,#0E3B21,#0E3B21,#0E3B21,#0E3B21,#0E3B21,#0E3B21,#0E3B21,#0E3B21,#0E3B21,#0E3B21,#0E3B21,#0E3B21,#0E3B21,#0E3B21,#0E3B21,#0E3B21,#0E3B21,#0E3B21,#0E3B21,#0E3B21,#0E3B21,#0E3B21,#0E3B21,#0E3B21,#0E3B21,#0E3B21,#0E3B21,#0E3B21,#0E3B21,#0E3B21,#0E3B21,#0E3B21,#0E3B21,#0E3B21,#0E3B21,#0E3B21,#0E3B21,#0E3B21,#0E3B21,#0E3B21,#0E3B21,#0E3B21,#0E3B21,#0E3B21,#0E3B21,#0E3B21,#0E3B21,#0E3B21,#0E3B21
,,,,,,,,,,,,,,,,,,,,,,,,,,,,,,,,,,,,,,,,,,,,#892E33,#892E33,#892E33,#892E33,#892E33,#892E33,#892E33,#892E33,#892E33,#892E33,#892E33,#892E33,#892E33,#892E33,#892E33,#892E33,#892E33,#892E33,#892E33,#892E33,#892E33,#892E33,#892E33,#892E33,#892E33,#892E33,#892E33,#892E33,#892E33,#892E33,#892E33,#892E33,#892E33,#892E33,#892E33,#892E33,#892E33,#892E33,#892E33,#892E33,#892E33,#892E33,#892E33,#892E33,#892E33,#892E33,#892E33,#892E33,#892E33,#892E33,#892E33,#892E33,#892E33,#892E33,#892E33,#892E33
,,,,,,,,,,,,,,,,,,,,,,,,,,,,,,,,,,,,,,,,,,,,,#3C202A,#3C202A,#3C202A,#3C202A,#3C202A,#3C202A,#3C202A,#3C202A,#3C202A,#3C202A,#3C202A,#3C202A,#3C202A,#3C202A,#3C202A,#3C202A,#3C202A,#3C202A,#3C202A,#3C202A,#3C202A,#3C202A,#3C202A,#3C202A,#3C202A,#3C202A,#3C202A,#3C202A,#3C202A,#3C202A,#3C202A,#3C202A,#3C202A,#3C202A,#3C202A,#3C202A,#3C202A,#3C202A,#3C202A,#3C202A,#3C202A,#3C202A,#3C202A,#3C202A,#3C202A,#3C202A,#3C202A,#3C202A,#3C202A,#3C202A,#3C202A,#3C202A,#3C202A,#3C202A,#3C202A
,,,,,,,,,,,,,,,,,,,,,,,,,,,,,,,,,,,,,,,,,,,,,,#00453B,#00453B,#00453B,#00453B,#00453B,#00453B,#00453B,#00453B,#00453B,#00453B,#00453B,#00453B,#00453B,#00453B,#00453B,#00453B,#00453B,#00453B,#00453B,#00453B,#00453B,#00453B,#00453B,#00453B,#00453B,#00453B,#00453B,#00453B,#00453B,#00453B,#00453B,#00453B,#00453B,#00453B,#00453B,#00453B,#00453B,#00453B,#00453B,#00453B,#00453B,#00453B,#00453B,#00453B,#00453B,#00453B,#00453B,#00453B,#00453B,#00453B,#00453B,#00453B,#00453B,#00453B
,,,,,,,,,,,,,,,,,,,,,,,,,,,,,,,,,,,,,,,,,,,,,,,#404607,#404607,#404607,#404607,#404607,#404607,#404607,#404607,#404607,#404607,#404607,#404607,#404607,#404607,#404607,#404607,#404607,#404607,#404607,#404607,#404607,#404607,#404607,#404607,#404607,#404607,#404607,#404607,#404607,#404607,#404607,#404607,#404607,#404607,#404607,#404607,#404607,#404607,#404607,#404607,#404607,#404607,#404607,#404607,#404607,#404607,#404607,#404607,#404607,#404607,#404607,#404607,#404607
,,,,,,,,,,,,,,,,,,,,,,,,,,,,,,,,,,,,,,,,,,,,,,,,#524E24,#524E24,#524E24,#524E24,#524E24,#524E24,#524E24,#524E24,#524E24,#524E24,#524E24,#524E24,#524E24,#524E24,#524E24,#524E24,#524E24,#524E24,#524E24,#524E24,#524E24,#524E24,#524E24,#524E24,#524E24,#524E24,#524E24,#524E24,#524E24,#524E24,#524E24,#524E24,#524E24,#524E24,#524E24,#524E24,#524E24,#524E24,#524E24,#524E24,#524E24,#524E24,#524E24,#524E24,#524E24,#524E24,#524E24,#524E24,#524E24,#524E24,#524E24,#524E24
,,,,,,,,,,,,,,,,,,,,,,,,,,,,,,,,,,,,,,,,,,,,,,,,,#1B262C,#1B262C,#1B262C,#1B262C,#1B262C,#1B262C,#1B262C,#1B262C,#1B262C,#1B262C,#1B262C,#1B262C,#1B262C,#1B262C,#1B262C,#1B262C,#1B262C,#1B262C,#1B262C,#1B262C,#1B262C,#1B262C,#1B262C,#1B262C,#1B262C,#1B262C,#1B262C,#1B262C,#1B262C,#1B262C,#1B262C,#1B262C,#1B262C,#1B262C,#1B262C,#1B262C,#1B262C,#1B262C,#1B262C,#1B262C,#1B262C,#1B262C,#1B262C,#1B262C,#1B262C,#1B262C,#1B262C,#1B262C,#1B262C,#1B262C,#1B262C
,,,,,,,,,,,,,,,,,,,,,,,,,,,,,,,,,,,,,,,,,,,,,,,,,,#142922,#142922,#142922,#142922,#142922,#142922,#142922,#142922,#142922,#142922,#142922,#142922,#142922,#142922,#142922,#142922,#142922,#142922,#142922,#142922,#142922,#142922,#142922,#142922,#142922,#142922,#142922,#142922,#142922,#142922,#142922,#142922,#142922,#142922,#142922,#142922,#142922,#142922,#142922,#142922,#142922,#142922,#142922,#142922,#142922,#142922,#142922,#142922,#142922,#142922
,,,,,,,,,,,,,,,,,,,,,,,,,,,,,,,,,,,,,,,,,,,,,,,,,,,#60493B,#60493B,#60493B,#60493B,#60493B,#60493B,#60493B,#60493B,#60493B,#60493B,#60493B,#60493B,#60493B,#60493B,#60493B,#60493B,#60493B,#60493B,#60493B,#60493B,#60493B,#60493B,#60493B,#60493B,#60493B,#60493B,#60493B,#60493B,#60493B,#60493B,#60493B,#60493B,#60493B,#60493B,#60493B,#60493B,#60493B,#60493B,#60493B,#60493B,#60493B,#60493B,#60493B,#60493B,#60493B,#60493B,#60493B,#60493B,#60493B
,,,,,,,,,,,,,,,,,,,,,,,,,,,,,,,,,,,,,,,,,,,,,,,,,,,,#5E3509,#5E3509,#5E3509,#5E3509,#5E3509,#5E3509,#5E3509,#5E3509,#5E3509,#5E3509,#5E3509,#5E3509,#5E3509,#5E3509,#5E3509,#5E3509,#5E3509,#5E3509,#5E3509,#5E3509,#5E3509,#5E3509,#5E3509,#5E3509,#5E3509,#5E3509,#5E3509,#5E3509,#5E3509,#5E3509,#5E3509,#5E3509,#5E3509,#5E3509,#5E3509,#5E3509,#5E3509,#5E3509,#5E3509,#5E3509,#5E3509,#5E3509,#5E3509,#5E3509,#5E3509,#5E3509,#5E3509,#5E3509
,,,,,,,,,,,,,,,,,,,,,,,,,,,,,,,,,,,,,,,,,,,,,,,,,,,,,#665017,#665017,#665017,#665017,#665017,#665017,#665017,#665017,#665017,#665017,#665017,#665017,#665017,#665017,#665017,#665017,#665017,#665017,#665017,#665017,#665017,#665017,#665017,#665017,#665017,#665017,#665017,#665017,#665017,#665017,#665017,#665017,#665017,#665017,#665017,#665017,#665017,#665017,#665017,#665017,#665017,#665017,#665017,#665017,#665017,#665017,#665017
,,,,,,,,,,,,,,,,,,,,,,,,,,,,,,,,,,,,,,,,,,,,,,,,,,,,,,#594B68,#594B68,#594B68,#594B68,#594B68,#594B68,#594B68,#594B68,#594B68,#594B68,#594B68,#594B68,#594B68,#594B68,#594B68,#594B68,#594B68,#594B68,#594B68,#594B68,#594B68,#594B68,#594B68,#594B68,#594B68,#594B68,#594B68,#594B68,#594B68,#594B68,#594B68,#594B68,#594B68,#594B68,#594B68,#594B68,#594B68,#594B68,#594B68,#594B68,#594B68,#594B68,#594B68,#594B68,#594B68,#594B68
,,,,,,,,,,,,,,,,,,,,,,,,,,,,,,,,,,,,,,,,,,,,,,,,,,,,,,,#693E32,#693E32,#693E32,#693E32,#693E32,#693E32,#693E32,#693E32,#693E32,#693E32,#693E32,#693E32,#693E32,#693E32,#693E32,#693E32,#693E32,#693E32,#693E32,#693E32,#693E32,#693E32,#693E32,#693E32,#693E32,#693E32,#693E32,#693E32,#693E32,#693E32,#693E32,#693E32,#693E32,#693E32,#693E32,#693E32,#693E32,#693E32,#693E32,#693E32,#693E32,#693E32,#693E32,#693E32,#693E32
,,,,,,,,,,,,,,,,,,,,,,,,,,,,,,,,,,,,,,,,,,,,,,,,,,,,,,,,#1D5E52,#1D5E52,#1D5E52,#1D5E52,#1D5E52,#1D5E52,#1D5E52,#1D5E52,#1D5E52,#1D5E52,#1D5E52,#1D5E52,#1D5E52,#1D5E52,#1D5E52,#1D5E52,#1D5E52,#1D5E52,#1D5E52,#1D5E52,#1D5E52,#1D5E52,#1D5E52,#1D5E52,#1D5E52,#1D5E52,#1D5E52,#1D5E52,#1D5E52,#1D5E52,#1D5E52,#1D5E52,#1D5E52,#1D5E52,#1D5E52,#1D5E52,#1D5E52,#1D5E52,#1D5E52,#1D5E52,#1D5E52,#1D5E52,#1D5E52,#1D5E52
,,,,,,,,,,,,,,,,,,,,,,,,,,,,,,,,,,,,,,,,,,,,,,,,,,,,,,,,,#172D48,#172D48,#172D48,#172D48,#172D48,#172D48,#172D48,#172D48,#172D48,#172D48,#172D48,#172D48,#172D48,#172D48,#172D48,#172D48,#172D48,#172D48,#172D48,#172D48,#172D48,#172D48,#172D48,#172D48,#172D48,#172D48,#172D48,#172D48,#172D48,#172D48,#172D48,#172D48,#172D48,#172D48,#172D48,#172D48,#172D48,#172D48,#172D48,#172D48,#172D48,#172D48,#172D48
,,,,,,,,,,,,,,,,,,,,,,,,,,,,,,,,,,,,,,,,,,,,,,,,,,,,,,,,,,#402D10,#402D10,#402D10,#402D10,#402D10,#402D10,#402D10,#402D10,#402D10,#402D10,#402D10,#402D10,#402D10,#402D10,#402D10,#402D10,#402D10,#402D10,#402D10,#402D10,#402D10,#402D10,#402D10,#402D10,#402D10,#402D10,#402D10,#402D10,#402D10,#402D10,#402D10,#402D10,#402D10,#402D10,#402D10,#402D10,#402D10,#402D10,#402D10,#402D10,#402D10,#402D10
,,,,,,,,,,,,,,,,,,,,,,,,,,,,,,,,,,,,,,,,,,,,,,,,,,,,,,,,,,,#5E2543,#5E2543,#5E2543,#5E2543,#5E2543,#5E2543,#5E2543,#5E2543,#5E2543,#5E2543,#5E2543,#5E2543,#5E2543,#5E2543,#5E2543,#5E2543,#5E2543,#5E2543,#5E2543,#5E2543,#5E2543,#5E2543,#5E2543,#5E2543,#5E2543,#5E2543,#5E2543,#5E2543,#5E2543,#5E2543,#5E2543,#5E2543,#5E2543,#5E2543,#5E2543,#5E2543,#5E2543,#5E2543,#5E2543,#5E2543,#5E2543
,,,,,,,,,,,,,,,,,,,,,,,,,,,,,,,,,,,,,,,,,,,,,,,,,,,,,,,,,,,,#1A2A00,#1A2A00,#1A2A00,#1A2A00,#1A2A00,#1A2A00,#1A2A00,#1A2A00,#1A2A00,#1A2A00,#1A2A00,#1A2A00,#1A2A00,#1A2A00,#1A2A00,#1A2A00,#1A2A00,#1A2A00,#1A2A00,#1A2A00,#1A2A00,#1A2A00,#1A2A00,#1A2A00,#1A2A00,#1A2A00,#1A2A00,#1A2A00,#1A2A00,#1A2A00,#1A2A00,#1A2A00,#1A2A00,#1A2A00,#1A2A00,#1A2A00,#1A2A00,#1A2A00,#1A2A00,#1A2A00
,,,,,,,,,,,,,,,,,,,,,,,,,,,,,,,,,,,,,,,,,,,,,,,,,,,,,,,,,,,,,#351701,#351701,#351701,#351701,#351701,#351701,#351701,#351701,#351701,#351701,#351701,#351701,#351701,#351701,#351701,#351701,#351701,#351701,#351701,#351701,#351701,#351701,#351701,#351701,#351701,#351701,#351701,#351701,#351701,#351701,#351701,#351701,#351701,#351701,#351701,#351701,#351701,#351701,#351701
,,,,,,,,,,,,,,,,,,,,,,,,,,,,,,,,,,,,,,,,,,,,,,,,,,,,,,,,,,,,,,#503058,#503058,#503058,#503058,#503058,#503058,#503058,#503058,#503058,#503058,#503058,#503058,#503058,#503058,#503058,#503058,#503058,#503058,#503058,#503058,#503058,#503058,#503058,#503058,#503058,#503058,#503058,#503058,#503058,#503058,#503058,#503058,#503058,#503058,#503058,#503058,#503058,#503058
,,,,,,,,,,,,,,,,,,,,,,,,,,,,,,,,,,,,,,,,,,,,,,,,,,,,,,,,,,,,,,,#843A60,#843A60,#843A60,#843A60,#843A60,#843A60,#843A60,#843A60,#843A60,#843A60,#843A60,#843A60,#843A60,#843A60,#843A60,#843A60,#843A60,#843A60,#843A60,#843A60,#843A60,#843A60,#843A60,#843A60,#843A60,#843A60,#843A60,#843A60,#843A60,#843A60,#843A60,#843A60,#843A60,#843A60,#843A60,#843A60,#843A60
,,,,,,,,,,,,,,,,,,,,,,,,,,,,,,,,,,,,,,,,,,,,,,,,,,,,,,,,,,,,,,,,#78491C,#78491C,#78491C,#78491C,#78491C,#78491C,#78491C,#78491C,#78491C,#78491C,#78491C,#78491C,#78491C,#78491C,#78491C,#78491C,#78491C,#78491C,#78491C,#78491C,#78491C,#78491C,#78491C,#78491C,#78491C,#78491C,#78491C,#78491C,#78491C,#78491C,#78491C,#78491C,#78491C,#78491C,#78491C,#78491C
,,,,,,,,,,,,,,,,,,,,,,,,,,,,,,,,,,,,,,,,,,,,,,,,,,,,,,,,,,,,,,,,,#4E5551,#4E5551,#4E5551,#4E5551,#4E5551,#4E5551,#4E5551,#4E5551,#4E5551,#4E5551,#4E5551,#4E5551,#4E5551,#4E5551,#4E5551,#4E5551,#4E5551,#4E5551,#4E5551,#4E5551,#4E5551,#4E5551,#4E5551,#4E5551,#4E5551,#4E5551,#4E5551,#4E5551,#4E5551,#4E5551,#4E5551,#4E5551,#4E5551,#4E5551,#4E5551
,,,,,,,,,,,,,,,,,,,,,,,,,,,,,,,,,,,,,,,,,,,,,,,,,,,,,,,,,,,,,,,,,,#3B4E66,#3B4E66,#3B4E66,#3B4E66,#3B4E66,#3B4E66,#3B4E66,#3B4E66,#3B4E66,#3B4E66,#3B4E66,#3B4E66,#3B4E66,#3B4E66,#3B4E66,#3B4E66,#3B4E66,#3B4E66,#3B4E66,#3B4E66,#3B4E66,#3B4E66,#3B4E66,#3B4E66,#3B4E66,#3B4E66,#3B4E66,#3B4E66,#3B4E66,#3B4E66,#3B4E66,#3B4E66,#3B4E66,#3B4E66
,,,,,,,,,,,,,,,,,,,,,,,,,,,,,,,,,,,,,,,,,,,,,,,,,,,,,,,,,,,,,,,,,,,#221A1D,#221A1D,#221A1D,#221A1D,#221A1D,#221A1D,#221A1D,#221A1D,#221A1D,#221A1D,#221A1D,#221A1D,#221A1D,#221A1D,#221A1D,#221A1D,#221A1D,#221A1D,#221A1D,#221A1D,#221A1D,#221A1D,#221A1D,#221A1D,#221A1D,#221A1D,#221A1D,#221A1D,#221A1D,#221A1D,#221A1D,#221A1D,#221A1D
,,,,,,,,,,,,,,,,,,,,,,,,,,,,,,,,,,,,,,,,,,,,,,,,,,,,,,,,,,,,,,,,,,,,#853948,#853948,#853948,#853948,#853948,#853948,#853948,#853948,#853948,#853948,#853948,#853948,#853948,#853948,#853948,#853948,#853948,#853948,#853948,#853948,#853948,#853948,#853948,#853948,#853948,#853948,#853948,#853948,#853948,#853948,#853948,#853948
,,,,,,,,,,,,,,,,,,,,,,,,,,,,,,,,,,,,,,,,,,,,,,,,,,,,,,,,,,,,,,,,,,,,,#3D1212,#3D1212,#3D1212,#3D1212,#3D1212,#3D1212,#3D1212,#3D1212,#3D1212,#3D1212,#3D1212,#3D1212,#3D1212,#3D1212,#3D1212,#3D1212,#3D1212,#3D1212,#3D1212,#3D1212,#3D1212,#3D1212,#3D1212,#3D1212,#3D1212,#3D1212,#3D1212,#3D1212,#3D1212,#3D1212,#3D1212
,,,,,,,,,,,,,,,,,,,,,,,,,,,,,,,,,,,,,,,,,,,,,,,,,,,,,,,,,,,,,,,,,,,,,,#2E4706,#2E4706,#2E4706,#2E4706,#2E4706,#2E4706,#2E4706,#2E4706,#2E4706,#2E4706,#2E4706,#2E4706,#2E4706,#2E4706,#2E4706,#2E4706,#2E4706,#2E4706,#2E4706,#2E4706,#2E4706,#2E4706,#2E4706,#2E4706,#2E4706,#2E4706,#2E4706,#2E4706,#2E4706,#2E4706
,,,,,,,,,,,,,,,,,,,,,,,,,,,,,,,,,,,,,,,,,,,,,,,,,,,,,,,,,,,,,,,,,,,,,,,#1B4F2C,#1B4F2C,#1B4F2C,#1B4F2C,#1B4F2C,#1B4F2C,#1B4F2C,#1B4F2C,#1B4F2C,#1B4F2C,#1B4F2C,#1B4F2C,#1B4F2C,#1B4F2C,#1B4F2C,#1B4F2C,#1B4F2C,#1B4F2C,#1B4F2C,#1B4F2C,#1B4F2C,#1B4F2C,#1B4F2C,#1B4F2C,#1B4F2C,#1B4F2C,#1B4F2C,#1B4F2C,#1B4F2C
,,,,,,,,,,,,,,,,,,,,,,,,,,,,,,,,,,,,,,,,,,,,,,,,,,,,,,,,,,,,,,,,,,,,,,,,#1A2101,#1A2101,#1A2101,#1A2101,#1A2101,#1A2101,#1A2101,#1A2101,#1A2101,#1A2101,#1A2101,#1A2101,#1A2101,#1A2101,#1A2101,#1A2101,#1A2101,#1A2101,#1A2101,#1A2101,#1A2101,#1A2101,#1A2101,#1A2101,#1A2101,#1A2101,#1A2101,#1A2101
,,,,,,,,,,,,,,,,,,,,,,,,,,,,,,,,,,,,,,,,,,,,,,,,,,,,,,,,,,,,,,,,,,,,,,,,,#6A3256,#6A3256,#6A3256,#6A3256,#6A3256,#6A3256,#6A3256,#6A3256,#6A3256,#6A3256,#6A3256,#6A3256,#6A3256,#6A3256,#6A3256,#6A3256,#6A3256,#6A3256,#6A3256,#6A3256,#6A3256,#6A3256,#6A3256,#6A3256,#6A3256,#6A3256,#6A3256
,,,,,,,,,,,,,,,,,,,,,,,,,,,,,,,,,,,,,,,,,,,,,,,,,,,,,,,,,,,,,,,,,,,,,,,,,,#52490C,#52490C,#52490C,#52490C,#52490C,#52490C,#52490C,#52490C,#52490C,#52490C,#52490C,#52490C,#52490C,#52490C,#52490C,#52490C,#52490C,#52490C,#52490C,#52490C,#52490C,#52490C,#52490C,#52490C,#52490C,#52490C
,,,,,,,,,,,,,,,,,,,,,,,,,,,,,,,,,,,,,,,,,,,,,,,,,,,,,,,,,,,,,,,,,,,,,,,,,,,#093227,#093227,#093227,#093227,#093227,#093227,#093227,#093227,#093227,#093227,#093227,#093227,#093227,#093227,#093227,#093227,#093227,#093227,#093227,#093227,#093227,#093227,#093227,#093227,#093227
,,,,,,,,,,,,,,,,,,,,,,,,,,,,,,,,,,,,,,,,,,,,,,,,,,,,,,,,,,,,,,,,,,,,,,,,,,,,#1C3633,#1C3633,#1C3633,#1C3633,#1C3633,#1C3633,#1C3633,#1C3633,#1C3633,#1C3633,#1C3633,#1C3633,#1C3633,#1C3633,#1C3633,#1C3633,#1C3633,#1C3633,#1C3633,#1C3633,#1C3633,#1C3633,#1C3633,#1C3633
,,,,,,,,,,,,,,,,,,,,,,,,,,,,,,,,,,,,,,,,,,,,,,,,,,,,,,,,,,,,,,,,,,,,,,,,,,,,,#7E4738,#7E4738,#7E4738,#7E4738,#7E4738,#7E4738,#7E4738,#7E4738,#7E4738,#7E4738,#7E4738,#7E4738,#7E4738,#7E4738,#7E4738,#7E4738,#7E4738,#7E4738,#7E4738,#7E4738,#7E4738,#7E4738,#7E4738
,,,,,,,,,,,,,,,,,,,,,,,,,,,,,,,,,,,,,,,,,,,,,,,,,,,,,,,,,,,,,,,,,,,,,,,,,,,,,,#392F07,#392F07,#392F07,#392F07,#392F07,#392F07,#392F07,#392F07,#392F07,#392F07,#392F07,#392F07,#392F07,#392F07,#392F07,#392F07,#392F07,#392F07,#392F07,#392F07,#392F07,#392F07
,,,,,,,,,,,,,,,,,,,,,,,,,,,,,,,,,,,,,,,,,,,,,,,,,,,,,,,,,,,,,,,,,,,,,,,,,,,,,,,#67203D,#67203D,#67203D,#67203D,#67203D,#67203D,#67203D,#67203D,#67203D,#67203D,#67203D,#67203D,#67203D,#67203D,#67203D,#67203D,#67203D,#67203D,#67203D,#67203D,#67203D
,,,,,,,,,,,,,,,,,,,,,,,,,,,,,,,,,,,,,,,,,,,,,,,,,,,,,,,,,,,,,,,,,,,,,,,,,,,,,,,,#734409,#734409,#734409,#734409,#734409,#734409,#734409,#734409,#734409,#734409,#734409,#734409,#734409,#734409,#734409,#734409,#734409,#734409,#734409,#734409
,,,,,,,,,,,,,,,,,,,,,,,,,,,,,,,,,,,,,,,,,,,,,,,,,,,,,,,,,,,,,,,,,,,,,,,,,,,,,,,,,#6D2B36,#6D2B36,#6D2B36,#6D2B36,#6D2B36,#6D2B36,#6D2B36,#6D2B36,#6D2B36,#6D2B36,#6D2B36,#6D2B36,#6D2B36,#6D2B36,#6D2B36,#6D2B36,#6D2B36,#6D2B36,#6D2B36
,,,,,,,,,,,,,,,,,,,,,,,,,,,,,,,,,,,,,,,,,,,,,,,,,,,,,,,,,,,,,,,,,,,,,,,,,,,,,,,,,,#8B3044,#8B3044,#8B3044,#8B3044,#8B3044,#8B3044,#8B3044,#8B3044,#8B3044,#8B3044,#8B3044,#8B3044,#8B3044,#8B3044,#8B3044,#8B3044,#8B3044,#8B3044
,,,,,,,,,,,,,,,,,,,,,,,,,,,,,,,,,,,,,,,,,,,,,,,,,,,,,,,,,,,,,,,,,,,,,,,,,,,,,,,,,,,#7B2531,#7B2531,#7B2531,#7B2531,#7B2531,#7B2531,#7B2531,#7B2531,#7B2531,#7B2531,#7B2531,#7B2531,#7B2531,#7B2531,#7B2531,#7B2531,#7B2531
,,,,,,,,,,,,,,,,,,,,,,,,,,,,,,,,,,,,,,,,,,,,,,,,,,,,,,,,,,,,,,,,,,,,,,,,,,,,,,,,,,,,#6A3124,#6A3124,#6A3124,#6A3124,#6A3124,#6A3124,#6A3124,#6A3124,#6A3124,#6A3124,#6A3124,#6A3124,#6A3124,#6A3124,#6A3124,#6A3124
,,,,,,,,,,,,,,,,,,,,,,,,,,,,,,,,,,,,,,,,,,,,,,,,,,,,,,,,,,,,,,,,,,,,,,,,,,,,,,,,,,,,,#4C5040,#4C5040,#4C5040,#4C5040,#4C5040,#4C5040,#4C5040,#4C5040,#4C5040,#4C5040,#4C5040,#4C5040,#4C5040,#4C5040,#4C5040
,,,,,,,,,,,,,,,,,,,,,,,,,,,,,,,,,,,,,,,,,,,,,,,,,,,,,,,,,,,,,,,,,,,,,,,,,,,,,,,,,,,,,,#803F30,#803F30,#803F30,#803F30,#803F30,#803F30,#803F30,#803F30,#803F30,#803F30,#803F30,#803F30,#803F30,#803F30
,,,,,,,,,,,,,,,,,,,,,,,,,,,,,,,,,,,,,,,,,,,,,,,,,,,,,,,,,,,,,,,,,,,,,,,,,,,,,,,,,,,,,,,#351F2F,#351F2F,#351F2F,#351F2F,#351F2F,#351F2F,#351F2F,#351F2F,#351F2F,#351F2F,#351F2F,#351F2F,#351F2F
,,,,,,,,,,,,,,,,,,,,,,,,,,,,,,,,,,,,,,,,,,,,,,,,,,,,,,,,,,,,,,,,,,,,,,,,,,,,,,,,,,,,,,,,#092B37,#092B37,#092B37,#092B37,#092B37,#092B37,#092B37,#092B37,#092B37,#092B37,#092B37,#092B37
,,,,,,,,,,,,,,,,,,,,,,,,,,,,,,,,,,,,,,,,,,,,,,,,,,,,,,,,,,,,,,,,,,,,,,,,,,,,,,,,,,,,,,,,,#27564D,#27564D,#27564D,#27564D,#27564D,#27564D,#27564D,#27564D,#27564D,#27564D,#27564D
,,,,,,,,,,,,,,,,,,,,,,,,,,,,,,,,,,,,,,,,,,,,,,,,,,,,,,,,,,,,,,,,,,,,,,,,,,,,,,,,,,,,,,,,,,#1D2009,#1D2009,#1D2009,#1D2009,#1D2009,#1D2009,#1D2009,#1D2009,#1D2009,#1D2009
,,,,,,,,,,,,,,,,,,,,,,,,,,,,,,,,,,,,,,,,,,,,,,,,,,,,,,,,,,,,,,,,,,,,,,,,,,,,,,,,,,,,,,,,,,,#6D4053,#6D4053,#6D4053,#6D4053,#6D4053,#6D4053,#6D4053,#6D4053,#6D4053
,,,,,,,,,,,,,,,,,,,,,,,,,,,,,,,,,,,,,,,,,,,,,,,,,,,,,,,,,,,,,,,,,,,,,,,,,,,,,,,,,,,,,,,,,,,,#3A223F,#3A223F,#3A223F,#3A223F,#3A223F,#3A223F,#3A223F,#3A223F
,,,,,,,,,,,,,,,,,,,,,,,,,,,,,,,,,,,,,,,,,,,,,,,,,,,,,,,,,,,,,,,,,,,,,,,,,,,,,,,,,,,,,,,,,,,,,#2D5834,#2D5834,#2D5834,#2D5834,#2D5834,#2D5834,#2D5834
,,,,,,,,,,,,,,,,,,,,,,,,,,,,,,,,,,,,,,,,,,,,,,,,,,,,,,,,,,,,,,,,,,,,,,,,,,,,,,,,,,,,,,,,,,,,,,#0F3E4D,#0F3E4D,#0F3E4D,#0F3E4D,#0F3E4D,#0F3E4D
,,,,,,,,,,,,,,,,,,,,,,,,,,,,,,,,,,,,,,,,,,,,,,,,,,,,,,,,,,,,,,,,,,,,,,,,,,,,,,,,,,,,,,,,,,,,,,,#68334D,#68334D,#68334D,#68334D,#68334D
,,,,,,,,,,,,,,,,,,,,,,,,,,,,,,,,,,,,,,,,,,,,,,,,,,,,,,,,,,,,,,,,,,,,,,,,,,,,,,,,,,,,,,,,,,,,,,,,#2E4A5F,#2E4A5F,#2E4A5F,#2E4A5F
,,,,,,,,,,,,,,,,,,,,,,,,,,,,,,,,,,,,,,,,,,,,,,,,,,,,,,,,,,,,,,,,,,,,,,,,,,,,,,,,,,,,,,,,,,,,,,,,,#43570A,#43570A,#43570A
,,,,,,,,,,,,,,,,,,,,,,,,,,,,,,,,,,,,,,,,,,,,,,,,,,,,,,,,,,,,,,,,,,,,,,,,,,,,,,,,,,,,,,,,,,,,,,,,,,#2F1507,#2F1507
,,,,,,,,,,,,,,,,,,,,,,,,,,,,,,,,,,,,,,,,,,,,,,,,,,,,,,,,,,,,,,,,,,,,,,,,,,,,,,,,,,,,,,,,,,,,,,,,,,,#5D4913 
